[
  {
    "schoolName": "Boston University",
    "programMajor": "Software development",
    "degreeType": "M.S.",
    "yearConferred": "2023"
  },
  
  {
    "schoolName": "The Pennsylvania State University",
    "programMajor": "Agriculture and Biological Engineering",
    "degreeType": "M.S.",
    "yearConferred": "2019"
  },

  {
    "schoolName": "South China University of Technology",
    "programMajor": "Food Science and Engineering",
    "degreeType": "B.Eng.",
    "yearConferred": "2016"
  }
]
